variant,employee_index,leave_probability,latency_s,input_tokens
Jev (825-row table),0,0.31,1.04794270000275,29557
Jev (825-row table),1,0.33,0.40942809999978635,29562
Jev (825-row table),2,0.25,0.4028978000023926,29560
Jev (825-row table),3,0.21,0.38138289999915287,29559
Jev (825-row table),4,0.23,0.2950888000013947,29557
Jev (825-row table),5,0.31,0.29949060000217287,29559
Jev (825-row table),6,0.51,0.31597270000202116,29559
Jev (825-row table),7,0.19,0.33341640000071493,29557
Jev (825-row table),8,0.15,0.31075050000072224,29560
Jev (825-row table),9,0.28,0.3196724000008544,29556
Jev (825-row table),10,0.16,0.31219940000300994,29560
Jev (825-row table),11,0.31,0.2943890000024112,29562
Jev (825-row table),12,0.2,0.30560780000087107,29561
Jev (825-row table),13,0.21,0.2849147999986599,29560
Jev (825-row table),14,0.17,0.2900377000005392,29561
Jev (825-row table),15,0.34,0.2898948999973072,29558
Jev (825-row table),16,0.4,0.2851135000018985,29560
Jev (825-row table),17,0.23,0.2924293999967631,29561
Jev (825-row table),18,0.38,0.286746800000401,29560
Jev (825-row table),19,0.2,0.27740860000267276,29558
Jev (825-row table),20,0.62,0.30696379999790224,29557
Jev (825-row table),21,0.3,0.3495588999976462,29559
Jev (825-row table),22,0.21,0.2824932000003173,29559
Jev (825-row table),23,0.28,0.31178409999847645,29559
Jev (825-row table),24,0.23,0.2948727000002691,29560
Jev (825-row table),25,0.54,0.2768114999998943,29559
Jev (825-row table),26,0.33,0.28950479999912204,29560
Jev (825-row table),27,0.37,0.3004113999995752,29560
Jev (825-row table),28,0.44,0.28244249999988824,29561
Jev (825-row table),29,0.24,0.2829971999999543,29559
Jev (825-row table),30,0.19,0.3236971000005724,29560
Jev (825-row table),31,0.44,0.27926279999883263,29561
Jev (825-row table),32,0.26,0.31283690000054776,29558
Jev (825-row table),33,0.27,0.28018860000156565,29560
Jev (825-row table),34,0.45,0.3081867000000784,29558
Jev (825-row table),35,0.39,0.2946007999998983,29561
Jev (825-row table),36,0.18,0.29327599999669474,29559
Jev (825-row table),37,0.23,0.2983615999983158,29560
Jev (825-row table),38,0.17,0.2911004000015964,29560
Jev (825-row table),39,0.56,0.2920415000007779,29556
Jev (825-row table),40,0.25,0.2950579000025755,29559
Jev (825-row table),41,0.35,0.28633649999756017,29557
Jev (825-row table),42,0.55,0.28680049999820767,29557
Jev (825-row table),43,0.48,0.29662699999971665,29557
Jev (825-row table),44,0.17,0.3015722000018286,29558
Jev (825-row table),45,0.58,0.28170289999980014,29561
Jev (825-row table),46,0.64,0.3043909999978496,29558
Jev (825-row table),47,0.25,0.2803748000005726,29559
Jev (825-row table),48,0.17,0.283203399998456,29559
Jev (825-row table),49,0.25,0.2868875999993179,29561
Jev (825-row table),50,0.26,0.2829980999995314,29558
Jev (825-row table),51,0.26,0.31644560000131605,29562
Jev (825-row table),52,0.35,0.29494269999850076,29560
Jev (825-row table),53,0.52,0.2974797999995644,29559
Jev (825-row table),54,0.22,0.2748362999991514,29561
Jev (825-row table),55,0.23,0.3089655000003404,29559
Jev (825-row table),56,0.14,0.31670329999906244,29559
Jev (825-row table),57,0.6,0.2892577999991772,29558
Jev (825-row table),58,0.23,0.31021980000150506,29561
Jev (825-row table),59,0.43,0.2970844000010402,29562
Jev (825-row table),60,0.37,0.30609759999788366,29559
Jev (825-row table),61,0.33,0.2927191999988281,29561
Jev (825-row table),62,0.16,0.2765029999973194,29560
Jev (825-row table),63,0.17,0.3254665999993449,29559
Jev (825-row table),64,0.36,0.2901093000000401,29558
Jev (825-row table),65,0.26,0.32548809999934747,29558
Jev (825-row table),66,0.16,0.29698840000128257,29560
Jev (825-row table),67,0.38,0.28817890000209445,29558
Jev (825-row table),68,0.37,0.28525960000115447,29560
Jev (825-row table),69,0.22,0.2817774000031932,29558
Jev (825-row table),70,0.4,0.28599080000276444,29561
Jev (825-row table),71,0.21,0.28889150000031805,29559
Jev (825-row table),72,0.36,0.30676409999796306,29559
Jev (825-row table),73,0.14,0.29399889999695006,29560
Jev (825-row table),74,0.18,0.2964930000016466,29561
Jev (825-row table),75,0.14,0.35601089999909163,29561
Jev (825-row table),76,0.2,0.32016980000116746,29560
Jev (825-row table),77,0.33,0.2977817999999388,29559
Jev (825-row table),78,0.43,0.29170199999862234,29560
Jev (825-row table),79,0.16,0.315302499999234,29559
Jev (825-row table),80,0.26,0.2989207999999053,29559
Jev (825-row table),81,0.51,0.28196829999797046,29559
Jev (825-row table),82,0.2,0.3274916000009398,29558
Jev (825-row table),83,0.2,0.2851429000002099,29557
Jev (825-row table),84,0.61,0.2913650999980746,29561
Jev (825-row table),85,0.26,0.35254129999884753,29559
Jev (825-row table),86,0.3,0.2847108999994816,29558
Jev (825-row table),87,0.26,0.29482999999891035,29558
Jev (825-row table),88,0.31,0.29186290000143345,29559
Jev (825-row table),89,0.33,0.3028291000009631,29559
Jev (825-row table),90,0.37,0.2914762000000337,29558
Jev (825-row table),91,0.12,0.2851268999984313,29558
Jev (825-row table),92,0.63,0.305229400000826,29560
Jev (825-row table),93,0.62,0.30603899999914574,29559
Jev (825-row table),94,0.73,0.30720039999869186,29558
Jev (825-row table),95,0.37,0.30055979999815463,29558
Jev (825-row table),96,0.63,0.30913670000154525,29561
Jev (825-row table),97,0.19,0.30392700000084005,29561
Jev (825-row table),98,0.61,0.32608239999899524,29558
Jev (825-row table),99,0.27,0.2982458000005863,29562
Jev (825-row table),100,0.17,0.28579810000155703,29558
Jev (825-row table),101,0.27,0.33176089999687974,29558
Jev (825-row table),102,0.39,0.2940177999989828,29560
Jev (825-row table),103,0.21,0.29763090000051307,29558
Jev (825-row table),104,0.34,0.2939450999983819,29559
Jev (825-row table),105,0.31,0.28749339999922086,29559
Jev (825-row table),106,0.25,0.28922919999968144,29558
Jev (825-row table),107,0.18,0.3007133999999496,29558
Jev (825-row table),108,0.3,0.3414267000007385,29560
Jev (825-row table),109,0.16,0.2838674999984505,29560
Jev (825-row table),110,0.17,0.3207862000017485,29560
Jev (825-row table),111,0.46,0.297394199998962,29560
Jev (825-row table),112,0.15,0.28669820000141044,29559
Jev (825-row table),113,0.39,0.3290290999975696,29558
Jev (825-row table),114,0.41,0.290319299998373,29560
Jev (825-row table),115,0.32,0.2961161000021093,29558
Jev (825-row table),116,0.35,0.2887010000013106,29560
Jev (825-row table),117,0.41,0.29875689999971655,29560
Jev (825-row table),118,0.17,0.3099655000005441,29561
Jev (825-row table),119,0.17,0.29264920000059647,29562
Jev (825-row table),120,0.23,0.3293499999999767,29558
Jev (825-row table),121,0.56,0.2996816000013496,29557
Jev (825-row table),122,0.15,0.2856405000020459,29559
Jev (825-row table),123,0.21,0.2896035000012489,29561
Jev (825-row table),124,0.76,0.30554359999950975,29559
Jev (825-row table),125,0.18,0.2950904999997874,29560
Jev (825-row table),126,0.19,0.34105859999908716,29562
Jev (825-row table),127,0.34,0.2836409999981697,29560
Jev (825-row table),128,0.37,0.34184409999943455,29562
Jev (825-row table),129,0.41,0.44063459999961196,29559
Jev (825-row table),130,0.76,0.2851184999999532,29557
Jev (825-row table),131,0.22,0.2871906000000308,29558
Jev (825-row table),132,0.33,0.3324425000027986,29559
Jev (825-row table),133,0.46,0.3030848000016704,29558
Jev (825-row table),134,0.22,0.28756029999931343,29561
Jev (825-row table),135,0.7,0.31768880000163335,29558
Jev (825-row table),136,0.5,0.2850126999983331,29560
Jev (825-row table),137,0.16,0.3076277999971353,29560
Jev (825-row table),138,0.3,0.29552219999823137,29561
Jev (825-row table),139,0.23,0.28410210000220104,29557
Jev (825-row table),140,0.27,0.2810570999972697,29559
Jev (825-row table),141,0.29,0.29770129999815254,29560
Jev (825-row table),142,0.24,0.283851299998787,29557
Jev (825-row table),143,0.17,0.33629020000080345,29560
Jev (825-row table),144,0.38,0.3157678000025044,29557
Jev (825-row table),145,0.37,0.30166620000090916,29562
Jev (825-row table),146,0.72,0.286582400000043,29560
Jev (825-row table),147,0.38,0.27643759999773465,29563
Jev (825-row table),148,0.18,0.28142810000281315,29558
Jev (825-row table),149,0.15,0.28353920000154176,29559
Jev (825-row table),150,0.43,0.28551879999940866,29560
Jev (825-row table),151,0.24,0.2935670000006212,29562
Jev (825-row table),152,0.17,0.2796008000004804,29558
Jev (825-row table),153,0.18,0.2817198999982793,29558
Jev (825-row table),154,0.28,0.31988970000020345,29563
Jev (825-row table),155,0.25,0.28267960000084713,29561
Jev (825-row table),156,0.31,0.32463080000161426,29557
Jev (825-row table),157,0.38,0.3072406999999657,29562
Jev (825-row table),158,0.56,0.2994078999981866,29558
Jev (825-row table),159,0.5,0.2868194999973639,29560
Jev (825-row table),160,0.32,0.322051700000884,29561
Jev (825-row table),161,0.23,0.30237100000158534,29558
Jev (825-row table),162,0.21,0.3124983000016073,29560
Jev (825-row table),163,0.24,0.31001760000071954,29559
Jev (825-row table),164,0.61,0.28191339999830234,29561
Jev (825-row table),165,0.27,0.4594270999987202,29559
Jev (825-row table),166,0.27,0.2953546999997343,29559
Jev (825-row table),167,0.34,0.2922776999985217,29559
Jev (825-row table),168,0.52,0.29034110000065994,29559
Jev (825-row table),169,0.24,0.31338610000238987,29560
Jev (825-row table),170,0.24,0.3318312000010337,29560
Jev (825-row table),171,0.17,0.2888281999985338,29559
Jev (825-row table),172,0.33,0.2803456000001461,29559
Jev (825-row table),173,0.62,0.2875971000030404,29559
Jev (825-row table),174,0.44,0.3037256999996316,29563
Jev (825-row table),175,0.18,0.31028539999897475,29558
Jev (825-row table),176,0.46,0.3026127000011911,29558
Jev (825-row table),177,0.23,0.3515116999988095,29559
Jev (825-row table),178,0.64,0.280247300001065,29558
Jev (825-row table),179,0.61,0.3041530000009516,29559
Jev (825-row table),180,0.61,0.30536510000092676,29560
Jev (825-row table),181,0.23,0.3064942999990308,29559
Jev (825-row table),182,0.25,0.3215640999987954,29559
Jev (825-row table),183,0.21,0.30528209999829414,29558
Jev (825-row table),184,0.15,0.291839000001346,29559
Jev (825-row table),185,0.14,0.2989926000009291,29560
Jev (825-row table),186,0.28,0.29089810000004945,29557
Jev (825-row table),187,0.18,0.2922388000006322,29560
Jev (825-row table),188,0.14,0.27897939999820665,29558
Jev (825-row table),189,0.43,0.30828789999941364,29558
Jev (825-row table),190,0.45,0.2745003000018187,29561
Jev (825-row table),191,0.17,0.3280730999977095,29558
Jev (825-row table),192,0.21,0.28063729999848874,29560
Jev (825-row table),193,0.2,0.28848110000035376,29559
Jev (825-row table),194,0.21,0.30199119999815593,29559
Jev (825-row table),195,0.29,0.2966999999989639,29563
Jev (825-row table),196,0.47,0.3125857000013639,29560
Jev (825-row table),197,0.42,0.33050050000019837,29561
Jev (825-row table),198,0.59,0.2931048999998893,29560
Jev (825-row table),199,0.22,0.28895330000159447,29558
Jev (825-row table),200,0.68,0.30003539999961504,29557
Jev (825-row table),201,0.35,0.27982170000177575,29560
Jev (825-row table),202,0.2,0.2995991999996477,29557
Jev (825-row table),203,0.18,0.3054705999966245,29558
Jev (825-row table),204,0.63,0.2927601000010327,29557
Jev (825-row table),205,0.17,0.3509892000001855,29559
Jev (825-row table),206,0.2,0.3282500999994227,29559
Jev (825-row table),207,0.28,0.3002097999997204,29559
Jev (825-row table),208,0.45,0.2900311999983387,29559
Jev (825-row table),209,0.12,0.31320659999983036,29560
Jev (825-row table),210,0.22,0.3077542999999423,29559
Jev (825-row table),211,0.33,0.2859427000003052,29557
Jev (825-row table),212,0.22,0.28170160000081523,29558
Jev (825-row table),213,0.18,0.2764338000015414,29560
Jev (825-row table),214,0.69,0.2973204000008991,29560
Jev (825-row table),215,0.2,0.3035429999981716,29562
Jev (825-row table),216,0.16,0.30786040000020876,29559
Jev (825-row table),217,0.25,0.30734210000082385,29560
Jev (825-row table),218,0.4,0.28881810000166297,29562
Jev (825-row table),219,0.71,0.3079113000021607,29557
Jev (825-row table),220,0.18,0.28346609999789507,29559
Jev (825-row table),221,0.48,0.3102680000010878,29560
Jev (825-row table),222,0.25,0.3079674000000523,29559
Jev (825-row table),223,0.26,0.3259582999999111,29557
Jev (825-row table),224,0.32,0.3037112999991223,29558
Jev (825-row table),225,0.26,0.32286609999937355,29560
Jev (825-row table),226,0.22,0.28204209999967134,29557
Jev (825-row table),227,0.23,0.31140769999910844,29559
Jev (825-row table),228,0.21,0.3200630999999703,29561
Jev (825-row table),229,0.3,0.3507852000002458,29559
Jev (825-row table),230,0.34,0.32517449999795645,29560
Jev (825-row table),231,0.2,0.28784730000188574,29558
Jev (825-row table),232,0.27,0.29932000000189873,29557
Jev (825-row table),233,0.75,0.2898337000005995,29560
Jev (825-row table),234,0.21,0.30236059999879217,29558
Jev (825-row table),235,0.23,0.2794575999978406,29560
Jev (825-row table),236,0.49,0.2883366999994905,29560
Jev (825-row table),237,0.17,0.3121296999997867,29561
Jev (825-row table),238,0.32,0.33070560000123805,29558
Jev (825-row table),239,0.28,0.3222953000004054,29558
Jev (825-row table),240,0.19,0.2954150999976264,29559
Jev (825-row table),241,0.25,0.34357549999913317,29557
Jev (825-row table),242,0.25,0.2853323999988788,29561
Jev (825-row table),243,0.43,0.27838340000016615,29558
Jev (825-row table),244,0.14,0.2802881999996316,29561
Jev (825-row table),245,0.45,0.3070977999996103,29559
Jev (825-row table),246,0.16,0.29358829999910085,29560
Jev (825-row table),247,0.34,0.28643490000104066,29562
Jev (825-row table),248,0.41,0.2904010999991442,29559
Jev (825-row table),249,0.16,0.3023353999997198,29561
Jev (825-row table),250,0.79,0.3087632999995549,29558
Jev (825-row table),251,0.53,0.2888074000002234,29560
Jev (825-row table),252,0.47,0.3051313000032678,29559
Jev (825-row table),253,0.19,0.2776440999987244,29561
Jev (825-row table),254,0.38,0.30030790000091656,29559
Jev (825-row table),255,0.12,0.31541899999865564,29558
Jev (825-row table),256,0.51,0.28216930000053253,29560
Jev (825-row table),257,0.62,0.3047411999978067,29560
Jev (825-row table),258,0.35,0.29207839999799035,29556
Jev (825-row table),259,0.52,0.285306000001583,29559
Jev (825-row table),260,0.3,0.29736330000014277,29560
Jev (825-row table),261,0.3,0.2844753000026685,29560
Jev (825-row table),262,0.26,0.29509999999936554,29562
Jev (825-row table),263,0.54,0.28818840000167256,29560
Jev (825-row table),264,0.34,0.2978519000025699,29560
Jev (825-row table),265,0.28,0.39131149999957415,29561
Jev (825-row table),266,0.27,0.307797199999186,29561
Jev (825-row table),267,0.18,0.28200510000169743,29558
Jev (825-row table),268,0.24,0.2962432999993325,29559
Jev (825-row table),269,0.22,0.2864491000000271,29558
Jev (825-row table),270,0.34,0.29374100000131875,29559
Jev (825-row table),271,0.18,0.2869996000008541,29562
Jev (825-row table),272,0.18,0.3144895000004908,29559
Jev (825-row table),273,0.6,0.2810070999985328,29559
Jev (825-row table),274,0.27,0.3018110999983037,29560
Jev (825-row table),275,0.57,0.431992400001036,29561
Jev (825-row table),276,0.49,0.3005878000003577,29558
Jev (825-row table),277,0.23,0.2780313000002934,29560
Jev (825-row table),278,0.58,0.3152014000006602,29558
Jev (825-row table),279,0.19,0.28195859999686945,29558
Jev (825-row table),280,0.3,0.29202210000221385,29561
Jev (825-row table),281,0.39,0.3211539999974775,29560
Jev (825-row table),282,0.18,0.281967100003385,29558
Jev (825-row table),283,0.26,0.27958070000022417,29560
Jev (825-row table),284,0.66,0.304287300001306,29558
Jev (825-row table),285,0.36,0.3009334000016679,29560
Jev (825-row table),286,0.24,0.28802100000029895,29560
Jev (825-row table),287,0.42,0.29746719999820925,29558
Jev (825-row table),288,0.57,0.31013769999844953,29560
Jev (825-row table),289,0.2,0.29431040000054054,29561
Jev (825-row table),290,0.18,0.310677499997837,29561
Jev (825-row table),291,0.51,0.27790960000129417,29558
Jev (825-row table),292,0.2,0.3130672000006598,29558
Jev (825-row table),293,0.18,0.3071705000002112,29559
Jev (pattern sheet),0,0.55,0.19906479999917792,1123
Jev (pattern sheet),1,0.16,0.162884600002144,1128
Jev (pattern sheet),2,0.14,0.16671639999913168,1126
Jev (pattern sheet),3,0.11,0.2251895000008517,1125
Jev (pattern sheet),4,0.33,0.14080359999934444,1123
Jev (pattern sheet),5,0.21,0.14807400000063353,1125
Jev (pattern sheet),6,0.14,0.1412080000009155,1125
Jev (pattern sheet),7,0.11,0.1536993000008806,1123
Jev (pattern sheet),8,0.11,0.14966089999870746,1126
Jev (pattern sheet),9,0.43,0.1622624999981781,1122
Jev (pattern sheet),10,0.17,0.14453950000097393,1126
Jev (pattern sheet),11,0.19,0.16020650000064052,1128
Jev (pattern sheet),12,0.21,0.14764939999804483,1127
Jev (pattern sheet),13,0.16,0.14046759999837377,1126
Jev (pattern sheet),14,0.28,0.18366380000225035,1127
Jev (pattern sheet),15,0.29,0.14496480000161682,1124
Jev (pattern sheet),16,0.16,0.1571838999989268,1126
Jev (pattern sheet),17,0.16,0.16001500000129454,1127
Jev (pattern sheet),18,0.19,0.16261260000101174,1126
Jev (pattern sheet),19,0.31,0.15251899999930174,1124
Jev (pattern sheet),20,0.63,0.18743539999923087,1123
Jev (pattern sheet),21,0.14,0.1693924999999581,1125
Jev (pattern sheet),22,0.3,0.16580559999783873,1125
Jev (pattern sheet),23,0.16,0.1648031999975501,1125
Jev (pattern sheet),24,0.15,0.14780719999907888,1126
Jev (pattern sheet),25,0.23,0.17735480000192183,1125
Jev (pattern sheet),26,0.21,0.14403239999955986,1126
Jev (pattern sheet),27,0.21,0.15193299999737064,1126
Jev (pattern sheet),28,0.16,0.16313430000082008,1127
Jev (pattern sheet),29,0.11,0.19176650000008522,1125
Jev (pattern sheet),30,0.13,0.2776646999991499,1126
Jev (pattern sheet),31,0.26,0.1696622000017669,1127
Jev (pattern sheet),32,0.24,0.21097789999839733,1124
Jev (pattern sheet),33,0.16,0.21992150000005495,1126
Jev (pattern sheet),34,0.26,0.15540469999905326,1124
Jev (pattern sheet),35,0.23,0.1609543999984453,1127
Jev (pattern sheet),36,0.12,0.15758439999990514,1125
Jev (pattern sheet),37,0.16,0.15731880000021192,1126
Jev (pattern sheet),38,0.19,0.16495769999892218,1126
Jev (pattern sheet),39,0.33,0.15203380000093603,1122
Jev (pattern sheet),40,0.11,0.1859199999998964,1125
Jev (pattern sheet),41,0.24,0.1395334000008006,1123
Jev (pattern sheet),42,0.11,0.15806859999793232,1123
Jev (pattern sheet),43,0.24,0.16149330000189366,1123
Jev (pattern sheet),44,0.23,0.14705639999738196,1124
Jev (pattern sheet),45,0.21,0.15154520000214688,1127
Jev (pattern sheet),46,0.53,0.15441289999944274,1124
Jev (pattern sheet),47,0.24,0.1517308000002231,1125
Jev (pattern sheet),48,0.26,0.19813670000075945,1125
Jev (pattern sheet),49,0.16,0.17186639999999898,1127
Jev (pattern sheet),50,0.23,0.16157940000266535,1124
Jev (pattern sheet),51,0.27,0.17006670000046142,1128
Jev (pattern sheet),52,0.14,0.1655577000019548,1126
Jev (pattern sheet),53,0.53,0.168286199997965,1125
Jev (pattern sheet),54,0.19,0.13716629999908037,1127
Jev (pattern sheet),55,0.19,0.14331829999719048,1125
Jev (pattern sheet),56,0.1,0.17849619999833521,1125
Jev (pattern sheet),57,0.36,0.15165519999936805,1124
Jev (pattern sheet),58,0.14,0.16822500000125729,1127
Jev (pattern sheet),59,0.17,0.14437639999960084,1128
Jev (pattern sheet),60,0.25,0.14858640000238665,1125
Jev (pattern sheet),61,0.19,0.1801891999966756,1127
Jev (pattern sheet),62,0.18,0.2068381999997655,1126
Jev (pattern sheet),63,0.23,0.1530547000002116,1125
Jev (pattern sheet),64,0.2,0.14346459999796934,1124
Jev (pattern sheet),65,0.2,0.17345990000103484,1124
Jev (pattern sheet),66,0.14,0.14936069999748725,1126
Jev (pattern sheet),67,0.35,0.16204320000178996,1124
Jev (pattern sheet),68,0.26,0.14557110000168905,1126
Jev (pattern sheet),69,0.6,0.1589136000002327,1124
Jev (pattern sheet),70,0.29,0.19050540000171168,1127
Jev (pattern sheet),71,0.14,0.14896710000175517,1125
Jev (pattern sheet),72,0.13,0.1553754000015033,1125
Jev (pattern sheet),73,0.21,0.1681222000006528,1126
Jev (pattern sheet),74,0.18,0.14469699999972363,1127
Jev (pattern sheet),75,0.12,0.15950430000157212,1127
Jev (pattern sheet),76,0.11,0.14681360000031418,1126
Jev (pattern sheet),77,0.16,0.14404479999939213,1125
Jev (pattern sheet),78,0.17,0.1818831999989925,1126
Jev (pattern sheet),79,0.15,0.18841550000070129,1125
Jev (pattern sheet),80,0.17,0.15238849999877857,1125
Jev (pattern sheet),81,0.3,0.21101830000043265,1125
Jev (pattern sheet),82,0.12,0.18709640000088257,1124
Jev (pattern sheet),83,0.12,0.1873565999994753,1123
Jev (pattern sheet),84,0.16,0.20485700000062934,1127
Jev (pattern sheet),85,0.15,0.15981319999991683,1125
Jev (pattern sheet),86,0.13,0.18863359999886598,1124
Jev (pattern sheet),87,0.23,0.1881615000020247,1124
Jev (pattern sheet),88,0.17,0.14334190000226954,1125
Jev (pattern sheet),89,0.29,0.16830340000160504,1125
Jev (pattern sheet),90,0.15,0.14948980000190204,1124
Jev (pattern sheet),91,0.11,0.14290640000035637,1124
Jev (pattern sheet),92,0.72,0.17036259999804315,1126
Jev (pattern sheet),93,0.61,0.15388440000242554,1125
Jev (pattern sheet),94,0.58,0.17933429999902728,1124
Jev (pattern sheet),95,0.59,0.146014699999796,1124
Jev (pattern sheet),96,0.38,0.16369140000097104,1127
Jev (pattern sheet),97,0.2,0.14942099999825587,1127
Jev (pattern sheet),98,0.27,0.1616777999988699,1124
Jev (pattern sheet),99,0.18,0.18109159999949043,1128
Jev (pattern sheet),100,0.12,0.1446509999987029,1124
Jev (pattern sheet),101,0.27,0.14976190000015777,1124
Jev (pattern sheet),102,0.31,0.16794880000088597,1126
Jev (pattern sheet),103,0.2,0.14332680000006803,1124
Jev (pattern sheet),104,0.55,0.16360789999816916,1125
Jev (pattern sheet),105,0.29,0.14885559999675024,1125
Jev (pattern sheet),106,0.2,0.1622057999993558,1124
Jev (pattern sheet),107,0.09,0.15187350000269362,1124
Jev (pattern sheet),108,0.22,0.19069300000046496,1126
Jev (pattern sheet),109,0.19,0.15519080000012764,1126
Jev (pattern sheet),110,0.14,0.16368560000046273,1126
Jev (pattern sheet),111,0.44,0.15958690000115894,1126
Jev (pattern sheet),112,0.12,0.15389839999988908,1125
Jev (pattern sheet),113,0.19,0.18898179999814602,1124
Jev (pattern sheet),114,0.26,0.1769800000001851,1126
Jev (pattern sheet),115,0.21,0.15130259999932605,1124
Jev (pattern sheet),116,0.31,0.14768829999957234,1126
Jev (pattern sheet),117,0.22,0.1608897000005527,1126
Jev (pattern sheet),118,0.2,0.2439367000006314,1127
Jev (pattern sheet),119,0.13,0.1565626000010525,1128
Jev (pattern sheet),120,0.28,0.14948100000037812,1124
Jev (pattern sheet),121,0.53,0.1535985000009532,1123
Jev (pattern sheet),122,0.09,0.14206799999737996,1125
Jev (pattern sheet),123,0.5,0.14428510000288952,1127
Jev (pattern sheet),124,0.38,0.14684409999972559,1125
Jev (pattern sheet),125,0.16,0.18279049999910058,1126
Jev (pattern sheet),126,0.21,0.18963269999949262,1128
Jev (pattern sheet),127,0.22,0.1707986000001256,1126
Jev (pattern sheet),128,0.19,0.14203099999940605,1128
Jev (pattern sheet),129,0.21,0.22901319999800762,1125
Jev (pattern sheet),130,0.6,0.15278390000094078,1123
Jev (pattern sheet),131,0.13,0.1866559000009147,1124
Jev (pattern sheet),132,0.26,0.14708470000186935,1125
Jev (pattern sheet),133,0.61,0.1767580999985512,1124
Jev (pattern sheet),134,0.18,0.1448208000001614,1127
Jev (pattern sheet),135,0.45,0.16427649999968708,1124
Jev (pattern sheet),136,0.27,0.16029809999963618,1126
Jev (pattern sheet),137,0.15,0.15931090000231052,1126
Jev (pattern sheet),138,0.14,0.1514448000016273,1127
Jev (pattern sheet),139,0.12,0.18424059999961173,1123
Jev (pattern sheet),140,0.14,0.14505569999892032,1125
Jev (pattern sheet),141,0.11,0.1601571999999578,1126
Jev (pattern sheet),142,0.21,0.1818359999997483,1123
Jev (pattern sheet),143,0.39,0.21647719999964465,1126
Jev (pattern sheet),144,0.44,0.1619314999989001,1123
Jev (pattern sheet),145,0.19,0.16720490000079735,1128
Jev (pattern sheet),146,0.47,0.17000550000011572,1126
Jev (pattern sheet),147,0.26,0.1717054000000644,1129
Jev (pattern sheet),148,0.24,0.1549470999998448,1124
Jev (pattern sheet),149,0.1,0.15565939999942202,1125
Jev (pattern sheet),150,0.22,0.15460359999997308,1126
Jev (pattern sheet),151,0.18,0.19426709999970626,1128
Jev (pattern sheet),152,0.25,0.20480250000036904,1124
Jev (pattern sheet),153,0.11,0.15054289999898174,1124
Jev (pattern sheet),154,0.12,0.20583120000083,1129
Jev (pattern sheet),155,0.22,0.1442914000035671,1127
Jev (pattern sheet),156,0.21,0.22216950000074576,1123
Jev (pattern sheet),157,0.12,0.23697579999861773,1128
Jev (pattern sheet),158,0.19,0.23699029999988852,1124
Jev (pattern sheet),159,0.42,0.2005202999971516,1126
Jev (pattern sheet),160,0.23,0.2229211000012583,1127
Jev (pattern sheet),161,0.13,0.15343470000152593,1124
Jev (pattern sheet),162,0.23,0.1663302000015392,1126
Jev (pattern sheet),163,0.26,0.1724264000004041,1125
Jev (pattern sheet),164,0.3,0.14036549999946146,1127
Jev (pattern sheet),165,0.28,0.14501039999959175,1125
Jev (pattern sheet),166,0.15,0.1711414000019431,1125
Jev (pattern sheet),167,0.25,0.14100870000038412,1125
Jev (pattern sheet),168,0.39,0.16649860000325134,1125
Jev (pattern sheet),169,0.12,0.1911963000020478,1126
Jev (pattern sheet),170,0.15,0.1529938999992737,1126
Jev (pattern sheet),171,0.2,0.15401859999838052,1125
Jev (pattern sheet),172,0.57,0.16125620000093477,1125
Jev (pattern sheet),173,0.26,0.15412990000186255,1125
Jev (pattern sheet),174,0.22,0.14131099999940488,1129
Jev (pattern sheet),175,0.12,0.16561680000086199,1124
Jev (pattern sheet),176,0.29,0.16706799999883515,1124
Jev (pattern sheet),177,0.18,0.15399089999846183,1125
Jev (pattern sheet),178,0.37,0.17821059999914723,1124
Jev (pattern sheet),179,0.23,0.16434360000130255,1125
Jev (pattern sheet),180,0.32,0.16673630000150297,1126
Jev (pattern sheet),181,0.38,0.17513880000115023,1125
Jev (pattern sheet),182,0.44,0.18316330000016023,1125
Jev (pattern sheet),183,0.36,0.1561872999991465,1124
Jev (pattern sheet),184,0.11,0.18083710000064457,1125
Jev (pattern sheet),185,0.15,0.15394050000031712,1126
Jev (pattern sheet),186,0.2,0.15745830000014394,1123
Jev (pattern sheet),187,0.22,0.1921864000032656,1126
Jev (pattern sheet),188,0.09,0.17785490000096615,1124
Jev (pattern sheet),189,0.38,0.18696790000103647,1124
Jev (pattern sheet),190,0.22,0.180065000000468,1127
Jev (pattern sheet),191,0.26,0.16204649999781395,1124
Jev (pattern sheet),192,0.14,0.1648806000011973,1126
Jev (pattern sheet),193,0.09,0.15796179999961169,1125
Jev (pattern sheet),194,0.12,0.15387729999929434,1125
Jev (pattern sheet),195,0.61,0.15768169999864767,1129
Jev (pattern sheet),196,0.63,0.15912960000059684,1126
Jev (pattern sheet),197,0.2,0.18211380000138888,1127
Jev (pattern sheet),198,0.25,0.1699220000009518,1126
Jev (pattern sheet),199,0.58,0.16609620000235736,1124
Jev (pattern sheet),200,0.62,0.16259960000024876,1123
Jev (pattern sheet),201,0.14,0.19919909999953234,1126
Jev (pattern sheet),202,0.25,0.19675370000186376,1123
Jev (pattern sheet),203,0.16,0.18115150000085123,1124
Jev (pattern sheet),204,0.32,0.15182289999938803,1123
Jev (pattern sheet),205,0.1,0.26635689999966417,1125
Jev (pattern sheet),206,0.14,0.15706350000255043,1125
Jev (pattern sheet),207,0.25,0.16813460000048508,1125
Jev (pattern sheet),208,0.18,0.15419230000043171,1125
Jev (pattern sheet),209,0.18,0.18153259999962756,1126
Jev (pattern sheet),210,0.12,0.14602369999920484,1125
Jev (pattern sheet),211,0.12,0.17020169999887003,1123
Jev (pattern sheet),212,0.13,0.19002200000250014,1124
Jev (pattern sheet),213,0.13,0.17138920000070357,1126
Jev (pattern sheet),214,0.69,0.14347859999907087,1126
Jev (pattern sheet),215,0.21,0.14882180000131484,1128
Jev (pattern sheet),216,0.13,0.1624186999979429,1125
Jev (pattern sheet),217,0.31,0.18225499999971362,1126
Jev (pattern sheet),218,0.24,0.16178209999998217,1128
Jev (pattern sheet),219,0.65,0.162119900000107,1123
Jev (pattern sheet),220,0.11,0.18456510000032722,1125
Jev (pattern sheet),221,0.21,0.15103979999912553,1126
Jev (pattern sheet),222,0.15,0.166097000001173,1125
Jev (pattern sheet),223,0.56,0.1589386999985436,1123
Jev (pattern sheet),224,0.16,0.1612338999984786,1124
Jev (pattern sheet),225,0.24,0.161639699999796,1126
Jev (pattern sheet),226,0.3,0.17079409999860218,1123
Jev (pattern sheet),227,0.28,0.1682609000017692,1125
Jev (pattern sheet),228,0.11,0.16283219999968424,1127
Jev (pattern sheet),229,0.17,0.14283009999780916,1125
Jev (pattern sheet),230,0.15,0.1499513000017032,1126
Jev (pattern sheet),231,0.15,0.14337539999905857,1124
Jev (pattern sheet),232,0.2,0.17601439999998547,1123
Jev (pattern sheet),233,0.11,0.14689139999973122,1126
Jev (pattern sheet),234,0.15,0.18560670000078971,1124
Jev (pattern sheet),235,0.14,0.17584680000072694,1126
Jev (pattern sheet),236,0.25,0.22434480000083568,1126
Jev (pattern sheet),237,0.21,0.19660369999837712,1127
Jev (pattern sheet),238,0.32,0.23738410000078147,1124
Jev (pattern sheet),239,0.21,0.18230679999760468,1124
Jev (pattern sheet),240,0.12,0.16479450000042561,1125
Jev (pattern sheet),241,0.26,0.18771950000154902,1123
Jev (pattern sheet),242,0.15,0.20213420000072801,1127
Jev (pattern sheet),243,0.26,0.1517588999995496,1124
Jev (pattern sheet),244,0.11,0.14784359999976004,1127
Jev (pattern sheet),245,0.22,0.17903169999772217,1125
Jev (pattern sheet),246,0.2,0.1940599999979895,1126
Jev (pattern sheet),247,0.23,0.1655719999980647,1128
Jev (pattern sheet),248,0.2,0.17680409999957192,1125
Jev (pattern sheet),249,0.13,0.17536829999880865,1127
Jev (pattern sheet),250,0.59,0.14576369999849703,1124
Jev (pattern sheet),251,0.42,0.1582278000023507,1126
Jev (pattern sheet),252,0.18,0.1932939999969676,1125
Jev (pattern sheet),253,0.2,0.19160810000175843,1127
Jev (pattern sheet),254,0.16,0.17136179999943124,1125
Jev (pattern sheet),255,0.1,0.18698560000120779,1124
Jev (pattern sheet),256,0.24,0.1866773000001558,1126
Jev (pattern sheet),257,0.44,0.3465388000004168,1126
Jev (pattern sheet),258,0.19,0.14505399999688962,1122
Jev (pattern sheet),259,0.13,0.1489514999993844,1125
Jev (pattern sheet),260,0.12,0.17186950000177603,1126
Jev (pattern sheet),261,0.12,0.1708866000008129,1126
Jev (pattern sheet),262,0.14,0.16509380000206875,1128
Jev (pattern sheet),263,0.16,0.15165279999928316,1126
Jev (pattern sheet),264,0.21,0.14255820000107633,1126
Jev (pattern sheet),265,0.17,0.15526580000005197,1127
Jev (pattern sheet),266,0.16,0.17627569999967818,1127
Jev (pattern sheet),267,0.26,0.19287469999835594,1124
Jev (pattern sheet),268,0.21,0.14814939999996568,1125
Jev (pattern sheet),269,0.13,0.17439519999970798,1124
Jev (pattern sheet),270,0.3,0.15985649999856832,1125
Jev (pattern sheet),271,0.13,0.1790486999998393,1128
Jev (pattern sheet),272,0.28,0.18984629999977187,1125
Jev (pattern sheet),273,0.59,0.162472500000149,1125
Jev (pattern sheet),274,0.17,0.1855989000032423,1126
Jev (pattern sheet),275,0.25,0.15079039999909583,1127
Jev (pattern sheet),276,0.31,0.14688630000091507,1124
Jev (pattern sheet),277,0.24,0.16692269999839482,1126
Jev (pattern sheet),278,0.16,0.17538499999864143,1124
Jev (pattern sheet),279,0.13,0.1661173999964376,1124
Jev (pattern sheet),280,0.19,0.18085929999870132,1127
Jev (pattern sheet),281,0.16,0.15607200000158628,1126
Jev (pattern sheet),282,0.22,0.189995299999282,1124
Jev (pattern sheet),283,0.11,0.2273258999994141,1126
Jev (pattern sheet),284,0.27,0.1772132000005513,1124
Jev (pattern sheet),285,0.19,0.22646810000151163,1126
Jev (pattern sheet),286,0.13,0.15230540000266046,1126
Jev (pattern sheet),287,0.23,0.16515910000089207,1124
Jev (pattern sheet),288,0.61,0.16004869999960647,1126
Jev (pattern sheet),289,0.27,0.16892039999947883,1127
Jev (pattern sheet),290,0.14,0.14273580000008224,1127
Jev (pattern sheet),291,0.31,0.14898960000209627,1124
Jev (pattern sheet),292,0.19,0.17099139999845647,1124
Jev (pattern sheet),293,0.14,0.14789589999782038,1125
