model,employee_index,true_label,raw_answer,predicted_label,leave_probability,latency_s,uncached_input_tokens,cached_input_tokens,cache_write_tokens,output_tokens,reasoning_tokens,cost_usd,served_model,error,timestamp
GPT-6 Sol,0,No,Stay,No,,4.558538799999951,3,25548,0,65,58,0.0057656,gpt-6-sol,,2026-09-25T15:35:36.557593+00:00
GPT-6 Sol,1,No,Stay,No,,2.67220559999987,3,0,25548,25,18,0.051352,gpt-6-sol,,2026-09-25T15:35:41.117354+00:00
GPT-6 Sol,2,No,Stay,No,,3.2625969000000623,3,0,25551,156,149,0.052668,gpt-6-sol,,2026-09-25T15:35:43.791478+00:00
GPT-6 Sol,3,No,Stay,No,,3.0710481999994954,3,0,25548,49,42,0.051592,gpt-6-sol,,2026-09-25T15:35:47.055635+00:00
GPT-6 Sol,4,No,Stay,No,,2.895387100001244,3,0,25549,103,96,0.052134,gpt-6-sol,,2026-09-25T15:35:50.128662+00:00
GPT-6 Sol,5,No,Stay,No,,3.8072764000007737,3,0,25550,148,141,0.052586,gpt-6-sol,,2026-09-25T15:35:53.026355+00:00
GPT-6 Sol,6,No,Stay,No,,2.3199253999991925,3,0,25550,59,52,0.051696,gpt-6-sol,,2026-09-25T15:35:56.834121+00:00
GPT-6 Sol,7,No,Stay,No,,3.844928800001071,3,0,25549,56,49,0.051664,gpt-6-sol,,2026-09-25T15:35:59.155502+00:00
GPT-6 Sol,8,Yes,Stay,No,,5.75943019999977,3,0,25548,324,317,0.054342,gpt-6-sol,,2026-09-25T15:36:03.003265+00:00
GPT-6 Sol,9,Yes,Stay,No,,3.8697112999998353,3,0,25549,116,109,0.052264,gpt-6-sol,,2026-09-25T15:36:08.764713+00:00
GPT-6 Sol,10,No,Stay,No,,2.421379600000364,3,0,25549,35,28,0.051454,gpt-6-sol,,2026-09-25T15:36:12.635227+00:00
GPT-6 Sol,11,No,Stay,No,,4.034922200000437,3,0,25550,122,115,0.052326,gpt-6-sol,,2026-09-25T15:36:15.058739+00:00
GPT-6 Sol,12,No,Stay,No,,2.835412100001122,3,0,25548,75,68,0.051852,gpt-6-sol,,2026-09-25T15:36:19.094146+00:00
GPT-6 Sol,13,No,Stay,No,,2.577254499999981,3,0,25548,59,52,0.051692,gpt-6-sol,,2026-09-25T15:36:21.931067+00:00
GPT-6 Sol,14,No,Stay,No,,4.927609599999414,3,0,25548,171,164,0.052812,gpt-6-sol,,2026-09-25T15:36:24.509988+00:00
GPT-6 Sol,15,Yes,Leave,Yes,,7.426911300000938,3,0,25550,319,312,0.054296,gpt-6-sol,,2026-09-25T15:36:29.439087+00:00
GPT-6 Sol,16,No,Stay,No,,3.767268999999942,3,0,25548,25,18,0.051352,gpt-6-sol,,2026-09-25T15:36:36.867567+00:00
GPT-6 Sol,17,No,Stay,No,,2.6456287000000884,3,0,25549,24,17,0.051344,gpt-6-sol,,2026-09-25T15:36:40.636081+00:00
GPT-6 Sol,18,Yes,Stay,No,,3.5540299999993294,3,0,25551,93,86,0.052038,gpt-6-sol,,2026-09-25T15:36:43.284555+00:00
GPT-6 Sol,19,No,Stay,No,,2.1452130999987276,3,0,25547,34,27,0.05144,gpt-6-sol,,2026-09-25T15:36:46.840115+00:00
GPT-6 Sol,20,No,Stay,No,,2.2669793000004574,3,0,25547,49,42,0.05159,gpt-6-sol,,2026-09-25T15:36:48.987199+00:00
GPT-6 Sol,21,No,Stay,No,,2.564150400001381,3,0,25551,29,22,0.051398,gpt-6-sol,,2026-09-25T15:36:51.254835+00:00
GPT-6 Sol,22,No,Leave,Yes,,4.600850099999661,3,0,25550,129,122,0.052396,gpt-6-sol,,2026-09-25T15:36:53.821080+00:00
GPT-6 Sol,23,No,Stay,No,,3.5849042999998346,3,0,25548,92,85,0.052022,gpt-6-sol,,2026-09-25T15:36:58.422982+00:00
GPT-6 Sol,24,No,Leave,Yes,,7.168167799998628,3,0,25548,207,200,0.053172,gpt-6-sol,,2026-09-25T15:37:02.009470+00:00
GPT-6 Sol,25,Yes,Stay,No,,4.138681899999938,3,0,25548,144,137,0.052542,gpt-6-sol,,2026-09-25T15:37:09.179394+00:00
GPT-6 Sol,26,No,Stay,No,,3.231080199999269,3,0,25549,86,79,0.051964,gpt-6-sol,,2026-09-25T15:37:13.319807+00:00
GPT-6 Sol,27,No,Stay,No,,2.0837100999997347,3,0,25550,67,60,0.051776,gpt-6-sol,,2026-09-25T15:37:16.553331+00:00
GPT-6 Sol,28,Yes,Leave,Yes,,3.142301199999565,3,0,25549,82,75,0.051924,gpt-6-sol,,2026-09-25T15:37:18.638081+00:00
GPT-6 Sol,29,No,Stay,No,,1.6239535000004253,3,0,25550,33,26,0.051436,gpt-6-sol,,2026-09-25T15:37:21.782787+00:00
GPT-6 Sol,30,Yes,Stay,No,,4.611047799999142,3,0,25550,96,89,0.052066,gpt-6-sol,,2026-09-25T15:37:23.407195+00:00
GPT-6 Sol,31,No,Stay,No,,3.2408926999996766,3,0,25550,76,69,0.051866,gpt-6-sol,,2026-09-25T15:37:28.020255+00:00
GPT-6 Sol,32,No,Stay,No,,3.9425124999997934,3,0,25549,31,24,0.051414,gpt-6-sol,,2026-09-25T15:37:31.263151+00:00
GPT-6 Sol,33,No,Stay,No,,6.050901999999041,3,0,25547,180,173,0.0529,gpt-6-sol,,2026-09-25T15:37:35.206327+00:00
GPT-6 Sol,34,No,Stay,No,,3.2464693000001716,3,0,25550,80,73,0.051906,gpt-6-sol,,2026-09-25T15:37:41.258477+00:00
GPT-6 Sol,35,Yes,Leave,Yes,,4.417913299999782,3,0,25548,111,104,0.052212,gpt-6-sol,,2026-09-25T15:37:44.506751+00:00
GPT-6 Sol,36,No,Stay,No,,3.458522599999924,3,0,25549,89,82,0.051994,gpt-6-sol,,2026-09-25T15:37:48.926659+00:00
GPT-6 Sol,37,No,Stay,No,,2.578346299998884,3,0,25549,35,28,0.051454,gpt-6-sol,,2026-09-25T15:37:52.386058+00:00
GPT-6 Sol,38,No,Stay,No,,4.518937000000733,3,0,25548,81,74,0.051912,gpt-6-sol,,2026-09-25T15:37:54.967466+00:00
GPT-6 Sol,39,No,Leave,Yes,,8.726930199998606,3,0,25550,394,387,0.055046,gpt-6-sol,,2026-09-25T15:37:59.488842+00:00
GPT-6 Sol,40,No,Stay,No,,1.476961799999117,3,0,25550,23,16,0.051336,gpt-6-sol,,2026-09-25T15:38:08.216774+00:00
GPT-6 Sol,41,No,Stay,No,,1.4772869000007631,3,0,25551,33,26,0.051438,gpt-6-sol,,2026-09-25T15:38:09.695367+00:00
GPT-6 Sol,42,Yes,Stay,No,,2.562121799999659,3,0,25549,54,47,0.051644,gpt-6-sol,,2026-09-25T15:38:11.174180+00:00
GPT-6 Sol,43,No,Stay,No,,1.6472195999995165,3,0,25549,29,22,0.051394,gpt-6-sol,,2026-09-25T15:38:13.738024+00:00
GPT-6 Sol,44,No,Stay,No,,2.9062029000015173,3,0,25551,75,68,0.051858,gpt-6-sol,,2026-09-25T15:38:15.386108+00:00
GPT-6 Sol,45,No,Stay,No,,2.5297405000001163,3,0,25549,79,72,0.051894,gpt-6-sol,,2026-09-25T15:38:18.293771+00:00
GPT-6 Sol,46,No,Stay,No,,1.5604865000004793,3,0,25548,34,27,0.051442,gpt-6-sol,,2026-09-25T15:38:20.826167+00:00
GPT-6 Sol,47,No,Stay,No,,3.1649233999996795,3,0,25549,133,126,0.052434,gpt-6-sol,,2026-09-25T15:38:22.387179+00:00
GPT-6 Sol,48,No,Stay,No,,2.9352103999990504,3,0,25551,74,67,0.051848,gpt-6-sol,,2026-09-25T15:38:25.553638+00:00
GPT-6 Sol,49,Yes,Stay,No,,3.1348162000012962,3,0,25550,80,73,0.051906,gpt-6-sol,,2026-09-25T15:38:28.490949+00:00
GPT-6 Sol,50,No,Stay,No,,3.5233367000000726,3,0,25551,70,63,0.051808,gpt-6-sol,,2026-09-25T15:38:31.628030+00:00
GPT-6 Sol,51,Yes,Stay,No,,1.5919040999997378,3,0,25550,22,15,0.051326,gpt-6-sol,,2026-09-25T15:38:35.152871+00:00
GPT-6 Sol,52,No,Stay,No,,4.099845700000515,3,0,25548,100,93,0.052102,gpt-6-sol,,2026-09-25T15:38:36.747526+00:00
GPT-6 Sol,53,No,Stay,No,,2.490036399998644,3,0,25549,40,33,0.051504,gpt-6-sol,,2026-09-25T15:38:40.849305+00:00
GPT-6 Sol,54,Yes,Leave,Yes,,7.411390100000062,3,0,25550,329,322,0.054396,gpt-6-sol,,2026-09-25T15:38:43.341602+00:00
GPT-6 Sol,55,No,Stay,No,,1.9729166999986774,3,0,25549,49,42,0.051594,gpt-6-sol,,2026-09-25T15:38:50.755434+00:00
GPT-6 Sol,56,Yes,Stay,No,,2.249301400001059,3,0,25548,75,68,0.051852,gpt-6-sol,,2026-09-25T15:38:52.729933+00:00
GPT-6 Sol,57,No,Stay,No,,2.4800623999999516,3,0,25548,53,46,0.051632,gpt-6-sol,,2026-09-25T15:38:54.980828+00:00
GPT-6 Sol,58,No,Stay,No,,2.665448699999615,3,0,25549,77,70,0.051874,gpt-6-sol,,2026-09-25T15:38:57.462362+00:00
GPT-6 Sol,59,No,Stay,No,,1.8413710999993782,3,0,25549,37,30,0.051474,gpt-6-sol,,2026-09-25T15:39:00.128461+00:00
GPT-6 Sol,60,No,Leave,Yes,,4.38028900000063,3,0,25551,144,137,0.052548,gpt-6-sol,,2026-09-25T15:39:01.971344+00:00
GPT-6 Sol,61,No,Stay,No,,2.7117241000014474,3,0,25548,75,68,0.051852,gpt-6-sol,,2026-09-25T15:39:06.352244+00:00
GPT-6 Sol,62,No,Stay,No,,2.8759313999998994,3,0,25549,101,94,0.052114,gpt-6-sol,,2026-09-25T15:39:09.064526+00:00
GPT-6 Sol,63,No,Stay,No,,1.9223399000002246,3,0,25552,71,64,0.05182,gpt-6-sol,,2026-09-25T15:39:11.941989+00:00
GPT-6 Sol,64,No,Stay,No,,2.0161330999999336,3,0,25550,37,30,0.051476,gpt-6-sol,,2026-09-25T15:39:13.865268+00:00
GPT-6 Sol,65,No,Stay,No,,2.110938300000271,3,0,25550,63,56,0.051736,gpt-6-sol,,2026-09-25T15:39:15.881964+00:00
GPT-6 Sol,66,No,Stay,No,,1.6450864000016736,3,0,25551,37,30,0.051478,gpt-6-sol,,2026-09-25T15:39:17.993892+00:00
GPT-6 Sol,67,No,Stay,No,,3.1607420000000275,3,0,25549,86,79,0.051964,gpt-6-sol,,2026-09-25T15:39:19.640279+00:00
GPT-6 Sol,68,No,Leave,Yes,,6.205545900000288,3,0,25547,142,135,0.05252,gpt-6-sol,,2026-09-25T15:39:22.802546+00:00
GPT-6 Sol,69,No,Stay,No,,1.7502968999997393,3,0,25548,25,18,0.051352,gpt-6-sol,,2026-09-25T15:39:29.009123+00:00
GPT-6 Sol,70,No,Stay,No,,1.8351301000002422,3,0,25549,50,43,0.051604,gpt-6-sol,,2026-09-25T15:39:30.760989+00:00
GPT-6 Sol,71,No,Stay,No,,5.61093400000027,3,0,25551,35,28,0.051458,gpt-6-sol,,2026-09-25T15:39:32.597904+00:00
GPT-6 Sol,72,No,Stay,No,,3.6564830000006623,3,0,25549,171,164,0.052814,gpt-6-sol,,2026-09-25T15:39:38.209599+00:00
GPT-6 Sol,73,No,Stay,No,,1.4604176000011648,3,0,25551,23,16,0.051338,gpt-6-sol,,2026-09-25T15:39:41.868032+00:00
GPT-6 Sol,74,No,Stay,No,,2.247750600001382,3,0,25549,85,78,0.051954,gpt-6-sol,,2026-09-25T15:39:43.330281+00:00
GPT-6 Sol,75,No,Stay,No,,3.233327800000552,3,0,25550,104,97,0.052146,gpt-6-sol,,2026-09-25T15:39:45.579639+00:00
GPT-6 Sol,76,No,Stay,No,,3.4520587000006344,3,0,25549,111,104,0.052214,gpt-6-sol,,2026-09-25T15:39:48.815454+00:00
GPT-6 Sol,77,No,Leave,Yes,,5.509302499998739,3,0,25549,179,172,0.052894,gpt-6-sol,,2026-09-25T15:39:52.269904+00:00
GPT-6 Sol,78,No,Leave,Yes,,3.4405128999987937,3,0,25547,136,129,0.05246,gpt-6-sol,,2026-09-25T15:39:57.780935+00:00
GPT-6 Sol,79,No,Stay,No,,4.79446470000039,3,0,25551,62,55,0.051728,gpt-6-sol,,2026-09-25T15:40:01.221927+00:00
GPT-6 Sol,80,No,Stay,No,,1.8015805999984877,3,0,25550,37,30,0.051476,gpt-6-sol,,2026-09-25T15:40:06.019368+00:00
GPT-6 Sol,81,No,Stay,No,,2.1206679999995686,3,0,25550,90,83,0.052006,gpt-6-sol,,2026-09-25T15:40:07.822656+00:00
GPT-6 Sol,82,No,Stay,No,,4.282727300000261,3,0,25548,146,139,0.052562,gpt-6-sol,,2026-09-25T15:40:09.944887+00:00
GPT-6 Sol,83,No,Leave,Yes,,5.770561399998769,3,0,25550,193,186,0.053036,gpt-6-sol,,2026-09-25T15:40:14.228162+00:00
GPT-6 Sol,84,Yes,Stay,No,,5.062638800000059,3,0,25549,59,52,0.051694,gpt-6-sol,,2026-09-25T15:40:20.000377+00:00
GPT-6 Sol,85,No,Stay,No,,3.3703968999998324,3,0,25549,144,137,0.052544,gpt-6-sol,,2026-09-25T15:40:25.064689+00:00
GPT-6 Sol,86,No,Stay,No,,2.874437200000102,3,0,25550,102,95,0.052126,gpt-6-sol,,2026-09-25T15:40:28.436483+00:00
GPT-6 Sol,87,Yes,Stay,No,,4.242740199999389,3,0,25549,226,219,0.053364,gpt-6-sol,,2026-09-25T15:40:31.312413+00:00
GPT-6 Sol,88,No,Stay,No,,3.9400365999990754,3,0,25549,136,129,0.052464,gpt-6-sol,,2026-09-25T15:40:35.556966+00:00
GPT-6 Sol,89,No,Stay,No,,1.2785306999994646,3,0,25548,23,16,0.051332,gpt-6-sol,,2026-09-25T15:40:39.498644+00:00
GPT-6 Sol,90,No,Stay,No,,2.270014400000946,3,0,25550,80,73,0.051906,gpt-6-sol,,2026-09-25T15:40:40.778725+00:00
GPT-6 Sol,91,No,Stay,No,,5.048307000000932,3,0,25551,45,38,0.051558,gpt-6-sol,,2026-09-25T15:40:43.049880+00:00
GPT-6 Sol,92,No,Stay,No,,1.7404150999991543,3,0,25548,5,0,0.051152,gpt-6-sol,,2026-09-25T15:40:48.099534+00:00
GPT-6 Sol,93,No,Stay,No,,0.897820899999715,3,0,25549,5,0,0.051154,gpt-6-sol,,2026-09-25T15:40:49.842745+00:00
GPT-6 Sol,94,No,Stay,No,,1.4232379000004585,3,0,25548,20,13,0.051302,gpt-6-sol,,2026-09-25T15:40:50.742165+00:00
GPT-6 Sol,95,No,Leave,Yes,,3.7901770999997098,3,0,25551,127,120,0.052378,gpt-6-sol,,2026-09-25T15:40:52.167523+00:00
GPT-6 Sol,96,No,Stay,No,,3.782566300000326,3,0,25550,125,118,0.052356,gpt-6-sol,,2026-09-25T15:40:55.959368+00:00
GPT-6 Sol,97,Yes,Leave,Yes,,2.1790151999994123,3,0,25550,80,73,0.051906,gpt-6-sol,,2026-09-25T15:40:59.743545+00:00
GPT-6 Sol,98,No,Stay,No,,2.5585661999994045,3,0,25550,36,29,0.051466,gpt-6-sol,,2026-09-25T15:41:01.924288+00:00
GPT-6 Sol,99,No,Stay,No,,2.760557699999481,3,0,25550,80,73,0.051906,gpt-6-sol,,2026-09-25T15:41:04.484530+00:00
